"Comment","label"
"I wonder if those are the jewels that they stole from Africa?","0"
"Im sure there was a time in history where this was quite an event, now it just seems silly.","0"
"They will never hold the dignity and grace of Lady Diana.","0"
"Is it 2023? Do they still believe that they should honor somebody just for his/her blood?!!!!","0"
"I know this isnâ€™t my country but Iâ€™m really bugged that sheâ€™s queen! ğŸ™„ #TeamDiana .. yes, I said it!","0"
"For the life of me I don't understand why people in the US enjoy watching the coronation in England. The pomp and pageantry, the enormous display of wealth accumulated as a colonizing country and what they did to the people in the colonial countries to obtain that wealth and opulence, enslaving, oppressing, torturing and killing their colonial ""subjects"". The history of the monarchy is something to be ashamed of, not celebrate! All of those symbols of the monarchy -- the jewels, the gold, the money involved in these absurd celebrations should be returned to the countries they were extracted from.
I especially don't understand why the people from those colonized countries-- India, the Caribbean countries, the African countries - who immigrated to England celebrate the royalty events.","0"
"Did anyone else feel like Camilla wasn't acting appropriately for a serious solemn ceremony?","0"
"Camila should not have been crowned","0"
"God Save the King. Hello, King Charleslll. The coronation was remarkable. Everyone looked lovely and behaved as they should. The children were utterly charming, and the media was able to capture many wonderful photos. I look forward to your continued reign on the world stage discussing important events and solving critical problems. I sincerely hope that you can take part in some capacity. God Bless you and the Royal Family.-ğŸ’–ğŸ‡ºğŸ‡²-LA Kennedy Cuomo","2"
"Welcome Prince Harry. Princess William and Kate. The only real oficina them.ğŸ™‹ğŸ¼â€â™€ğŸ‘ğŸ»â¤ğŸ’™ğŸ’™. Camilla.ğŸ‘¹","2"
"I love how they say 'once in a generation' Have you looked at him? His ""reign"" will not last a generation.","0"
"They shouldâ€™ve skipped over Charles and made William king.","0"
"Are Pomp and Ceremony related to Dog and Pony?","1"
"I refuse call that woman a Queen. I gave another name for her but my post will be removed ğŸ¤­","0"
"This doesn't even feel right or respectful","0"
"They should have gave it Kate and William â¤ï¸sorry I could not stand watching camellia and her puppet ğŸ˜","0"
"The country (their people) dying in debts, struggling to survive but they spend/throw all that money in something like that. Omg!","0"
"There's only one King in this world, and is name is God. And one only loyal family, the Sacred Family, Jesus, Joseph and Maria.","1"
"Long Live Queen Diana, may her memory and legacy continue! Camilla is a sideline homewrecking hussy!","0"
"From the beginning, Camilla continued her mission till she was in the seat she took today! Diana had a lot of mental health issues and it is common knowledge she cheated in Charles twice. But the attention she needed and the love she desired drive her to many things! We still love you Diana!","2"
"Thanks for saving my time. What a fun to watch this short clip. Such an amazing circus show ğŸªğŸ¤¡ Yep letâ€™s srew the crown on ğŸ˜‚ princ â€œHarry me homeâ€ .. Kate&William circus dressesâ€¦and finally Camomile escort lady â€¦ lifting her arm ..ye let me do the job â€¦homewrecker log ..what about the stolen jewelsâ€¦slaving etc..letâ€™s celebrate that too??","0"
"Long live Diana","2"
"That succubus Camilla is an insult to England","0"
"JESUS OF NAZARETH THE ONLY KING OF KINGS . the human monarchies stink . Corrupts hearts, corrupts crowns..","0"
"Such a waste of money, resources and time! ğŸ¤¦ğŸ»â€â™€ï¸","0"
"monarchy...one of the biggest scams in human history","0"
"Ol Camilla finally got what she wanted-Even a side chick can get a crown!!ğŸ¯","0"
"The monarchy is complete rubbish, it's the medieval era, where people and nations' goods were stolen, as well as it is today via taxes, and even more serious they enslaved and stole other nations, how can anyone still idolize bums?","0"
"We are no longer interested in celebrating colonizers. A royal family in today's society seems grotesque.","0"
"Itâ€™s 2023!!No one cares!! They should pay back all the diamonds they stole from countries! all those black men & women slaves who dug out those diamonds by force for these ppl!! All the colonies that they rule by force!!! Shame!!! PAY BACK WHATâ€™S NOT YOURS FROM FIRST PLACE!!! Rather than wearing them on your heads & necks!!","0"
"Love these comments. My sentiments exactly. What a Royal waste of taxpayer money. Build a hospital to commemorate. ğŸ˜±","0"
"Waste of money..foolishness","0"
"I love seeing prince Harry! My favorite of the royal family â¤ï¸","2"
"Billionaires in gold coach, wearing jewelled hats waving at the public, this farce has cost the public in the UK Â£250 million pounds !! Time the UK became a republic and stopped this nonsense","0"
"So the side chick is now the queen but y'all don't like Prince Harry's black wife. ğŸ¤”","0"
"Who care huh","0"
"It cost over Â£100 million pounds of tax payers money for this clown ass show called coronation when there are still homeless and hungry kids in United Kingdom who go to bed every night with an empty stomach but the government has Â£100 million of tax payers money to waste on coronation. I think we as humans needs to get our priorities right.","0"
"God Save the King Charles III, The Adulterer !","0"
"ï¿½ï¿½ğŸ‘ğŸ‘ğŸ‘ congratulations England, keeping the success in 2023.....each country with each successfull culture.","2"
"Royalty sucks at this point","0"
"Come to think of it !!!! a large percentage of Americans would have done the same for King Donald ğŸ¥ºğŸ˜‚","0"
"Who cares? Really... this is what America fought against in the first place. It's LITERALLY why america exists.. and here you are celebrating it ..... normalize not giving a #$%& about the royal family. Sell the royal families' belongings and feed the homeless.","0"
"Its 21st century not The 16th No more monarchy BS save the taxpayers mone n feed the poor n homeless Down with this nonsense","0"
"The only title Camilla deserves is HOME WRECKER ğŸ˜¡","0"
"I don't understand why Harry keeps going there letting them keep disrespecting him. I would stay at home where I'm celebrate, those folks don't like him. Harry just needs to move on.. ğŸ¤¦ğŸ½â€â™€ï¸","0"
"Who cares.","0"
"His Majesty the Tampon","0"
"Who invested this ceremony's expense? The cost was spent on the performance. It might be quite big money.","1"
"Just ridiculous","0"
"The moment the side chic steals the crown from a Princessâ€¦ RIP Princess Diana ğŸ‘¸ğŸ‘‘ğŸ’• #princessdianaforever","0"
"Not impressed. The man just lost his mother and already he's having a party. Not only that but he's celebrating the fact that he's inherited everything she had. If I did that the police would launch an investigation.","0"
"Anyway!â€¦when will they give back Africa her jewels?","0"
"Harry should have passed on being there after he axed his family in his book.","1"
"Who cares?","0"
"Witch got what she always wanted!!!","0"
"Now you all understand HarryğŸ˜‚ğŸ˜‚ğŸ˜‚ğŸ˜‚ğŸ˜‚ğŸ˜‚","1"
"From homewrecker to queen.. who would have thought. May Princess Diana haunt her all the days of her reign","0"
"All stolen diamonds from IranğŸ–•","0"
"I just find it amazing that we are in the year 2023 and humans are dumb enough to work for a family. Give all their income to them. Sleep outside all night to see then. Bow. Cheer: etc","0"
"POS cheated on Diana","0"
"And people think the US government wastes money!!","0"
"the useless ğŸ™„ğŸ‘ğŸ¼","0"
"Congratulations â¤ï¸","2"
"So ridiculous. Itâ€™s just embarrassing. 1776 solves this problem in America.","0"
"I promise yâ€™all we donâ€™t give af","0"
"Stupid, irrelevant ceremony","0"
"Nonsense","0"
"The true king of the world is soon comingâ€¦â€¦","1"
"This is an example that a mistresses aka side chick dream of being a queen can become a reality ğŸ˜‚","0"
"The royal BS is in itâ€™s waning years!!","0"
"Halloween getting more & more expensive.","1"
"Where did they get all of that gold ? When did they start making kings and queens ?","0"
"Look ğŸ‘€ ğŸ‘€ all the stolen diamonds are out on display","0"
"@cnn ABOLISH MONARCHY NOW !","0"
"Illuminati Ass meeting","0"
"What a joke","0"
"No, human is better than another. He is no kind of good. $125 million to show off your butt.","0"
"Rained all day on this paradeâ€¦ ğŸŒ§ï¸ğŸŒ§ï¸ğŸŒ§ï¸ğŸŒ§ï¸ğŸŒ§ï¸","1"
"Side piece to queen.","0"
"It's a great pleasure","2"
"Ä°t looks very funny in this centuryğŸ˜… like a movie scene ğŸ  nobody caresğŸ˜©","0"
"Where tf is Megan? Clown ğŸ¤¡","0"
"ï¿½ï¿½ğŸ˜‚ğŸ¤£ this looks so dumb","0"
"No matter the occasion or event, Jill Biden never stops dressing horribly.","0"
"I think the old bat drugged the poor sod!!","0"
"A big king","2"
"TSA dumps tens of Trillions of Dollars of peoplesâ€™ Unopened Drink and food Straight into the Dumpster. Meanwhile, Homeless Veterans Starve-to-Death","0"
"I still canâ€™t believe this","0"
"There was a time and a place for this and that time is gone. Power to the people.","0"
"Isnâ€™t he in his seventies? Donâ€™t worry, youâ€™ll see it again.",""
"Wow ive been waiting my entire life to see a king crowned in England! Noooot","0"
"Itâ€™s the RAIN for meâ€¦","1"
"Who cares. Where is your coverage on yet another horrendous mass shooting in Texas?","0"
"Long live to the king ğŸ‘‘","2"
"I canâ€™t believe people believe in Kings and Queens ğŸ¥±ğŸ¥±ğŸ¥±","0"
"One of Dianaâ€™s boys has turned out beautifully. He is also destined for the most important role of his lifetime. Thank goodness he has found such a wonderful woman.","2"
"Her master plan is coming together ğŸ˜","0"
"Gross !","0"
"Maybe God guise and protect you as you embark on this journey ğŸ™","2"
"God save the king! ğŸ‡§ğŸ‡· ğŸ‡¬ğŸ‡§","2"
"#AbolishTheMonarchy","0"
"A changing tradition; and benefits to the UK vs cost is significant to the tourism; upkeep of these architectural treasures, benefits to charities, govts, development. It was highly publicized that the cost of the monarchy to the UK taxpayers is $1.00 or less per taxpayer. The museums public access properties the role of creating an inter-faith monarchy is well underway and for those, in the US, who disagree you are entitled to your opinion. I assume you are the same ones, advocating that higher earners pay high traffic violations, and higher credit scores now will leave you with higher interest rates on mortgages. Very sad times we live in where people cannot appreciate and preserve the beauty of old traditions while we try to transform them into the future through patience and compromise.","1"
"LONG LIVE THE KING ğŸ¤´ LONG LIVE UK AND LONG LIVE AUSTRALIA ğŸ‡¦ğŸ‡º","2"
"Fake king ğŸ˜‚ğŸ˜‚ğŸ˜‚ğŸ˜‚ğŸ˜‚","0"
"Only cost the country Â£250 million while people are starving and struggling under cost of living crises but hey least you all had a good day before you die of starvation.","0"
"The adulterous family","0"
"Dislike button","0"
"That's a very fancy crown and everything but: They say it's not the crown that makes the king, it's the centuries of inbreeding, colonialism, racism, cultural genocide and exploitation that makes a king... thankfully the house of Windsor has that too!!","0"
"Some people think God chose them, thatâ€™s pathetic","0"
"This nonsense is happening in 2023","0"
"King and Illegitimate whore more like it","0"
"Camilla is the worst part","0"
"she will always be thee MISTRESS ğŸ˜‚","0"
"the elite scum","0"
"Circus â€¦ a bunch of clowns ğŸ¤¡","0"
"King ğŸ˜‚ ğŸ¤¡","0"
"Weather was fitting ğŸ˜‚","0"
"21th century and such ridiculous ceremony for an old ğŸ· ğŸ˜‚ğŸ˜‚ğŸ˜‚ğŸ˜‚","0"
"Calm down with the once in a generation thing. He is like 75 â€” we will have one of these again in like 5 to 10 years ğŸ˜‚",""
"Why did they applaud? where did this 120 $5 million come from? Sickening!","0"
"White privilege is wearing stolen goods and having people applauding","0"
"We live in strange times when a jewel-encrusted hat worn and owned by one gets so much attention. I'd be more interested in the acquisition of each jewel and the human cost behind it.","0"
"Kings in the life and ( sla ves ) in the hereafter ğŸ¤ŒğŸ¼ğŸ¤ŒğŸ¼","0"
"Should just return them jewels","0"
"System crowns Camilla as Queen, but people crowns their Diana as the Queen of England âœ¨ï¸","0"
"Adorable ğŸ˜","2"
"Finally, a man in charge","2"
"I wonder if the gold in the carriage came from India, Africa or Oceania?","0"
"Who cares about these people! They shit like every one else and guess what, their shit stinks too!","0"
"This isnâ€™t news who cares This clown isnâ€™t gonna do nothing to contribute to making the world any better than what it already is anyway","0"
"So disappointed trump attended this stupid ceremony!","0"
"Much of your on air and on line coverage of the coronation was more like that of a tabloid rather than a news company. Just my opinion",""
"Whoâ€™s King after him ?","1"
"Bunch a dorks","0"
"The monarch sure live long.. once in a generation is like history untold.","0"
"Are they right-wing?","1"
"I wish I was born as a queen, and I had been crowned instead ğŸ˜","1"
"And monarchy continues - very
anachronistic but part of history","0"
"ï¿½ï¿½ğŸ’©ğŸ’©ğŸ’©ğŸ’©ğŸ’©ğŸ’©....not enough","0"
"The only purpose the monarchy provides is to give the English people something to gossip about.","0"
"ï¿½ï¿½ outdated rubbish","0"
"Princess DianağŸ˜”",""
"Stunning Gorgeous","2"
"God save the King","2"
"But why does the kings slag get a crown too?",""
"America need a king we suggest Donald trump",""
"Congratulations â¤ï¸â¤ï¸","2"
"So the side chick is now Queen, wow ğŸ¤”","0"
"It has become history","1"
"Rainy day","1"
"This is all going to happen again in 20 years or less",""
"NiceğŸ‘ğŸ’™","2"
"Once in a generationâ€¦ yes sure.","0"
"GOLD ğŸ˜â¤ï¸","2"
"So pathetic that Megan wasnâ€™t there besides Harryâ€¦..
I donâ€™t blame Megan if she refused not to be there though â€¦.","0"
"Thought I saw a bottle of chambord all fancied up","1"
"Wish u well","2"
"Once in a generation, it'll be done again in 15 years or less ğŸ™„ fucking parasites","0"
"Death to the monarchy","0"
"God bless the new king âœï¸","2"
"Why is this whatâ€™s on Live right now when 9 people were just killed in a mass shooting in Texas wtf","0"
"No one cares! Monarchies need to all come to end. Titles should be earned, not born into.","0"
"Should of been Diana with that crown on â¤ï¸","0"
"Ugh. Gross.","0"
"Who cares. Where is your coverage on yet another horrendous mass shooting in Texas??","0"
"What a waste of time n money. Supporting that corrupt family.","0"
"What a waste of the nation's funds and resources on these white elephants... Im sure the money, time and effort could have been better deployed to help their pple more","0"
"Who cares? And why?","0"
"ï¿½ï¿½ğŸ˜¢ğŸ˜¢. Should have been passed over in favor of William","0"
"Stupidity","0"
"CNN DEMOCRATS, THERE IS MUCH IMPORTANT NEWS THAN THIS ğŸ¤¡ FAMILY","0"
"ï¿½ï¿½ The Iranian Crown is 1Mx more impressive not even close to the Shahâ€™s reverence. pfff","0"
"I get that this was a once in a lifetime show of pageantry and what some feel is pride in their countryâ€¦ but seriously, Camilla??? I had a hard time not laughing at the golden carriages but the moment that women cared more about fixing her bangs than the blessing being said for her, it was just too ostentatious.","0"
"Whatâ€™s insane is side b!tches are really out here winning ğŸ˜©ğŸ¥´ğŸ¤¯","0"
"Itâ€™s been a very long time I didnâ€™t watch a stupid show, thanks to British monarchy from Middle Ages","0"
"People of this day and age just donâ€™t buy this shit anymore","0"
"Bull shit","0"
"Wonder how the british people feel of an adulterer, homewrecker witch becoming their queen","0"
"so yâ€™all gonna cover the shooting at the mall today in Texas? hate crime against whites.","0"
"BOOOO NO ONE CARES. FUCK EM ALL","0"
"idiots","0"
"See ladies u can be skeezer break up a marriage and still be queen","0"
"I like Red arrows as they did a Fly by in London","2"
"Ridiculous","0"
"lol this is so dumb ğŸ¥¹","0"
"When is it going to endâ€¦.not monarchyâ€¦..2023 itâ€™s malarkey!!","0"
"Manâ€™s gonna die in 2-5 years max","0"
"Retirement","1"
"Netflix was my choice","1"
"Not by the smiles They really got oops lol","0"
"This makes me want to watch the minions! Especially seeing that carriage","1"
"Looking like a Mississippi Pimp ğŸ˜‚ğŸ¤£","0"
"We do not care about that crap. Gas high as a giraffe's ass!!!","0"
"Thieves","0"
"Not so good looking king","0"
"Not my king","0"
"Christ, what an absolute twat.","0"
"Feken ridiculous ğŸ˜‚ğŸ˜‚ğŸ˜‚ğŸ˜‚ğŸ˜‚ğŸ˜‚ğŸ˜‚ğŸ˜‚ğŸ˜‚ğŸ˜‚ğŸ˜‚ğŸ˜‚ğŸ˜‚ğŸ˜‚ ğŸ¤¡","0"
"Once in a generation? Lol. I give Charles 2-5 years. His fingers are permanently swollen. Sign of poor health.","0"
"Big whoop","0"
"Jokers.","0"
"This shoulda been Dianas momentâ¤ï¸. Rip. Now its the cheater and sidechick moment....smh","0"
"So narrow-minded.UK has been developed using the money that was stolen from other countries. They should compensate to the countries which they stole money. They still think they can control the whole world. Stupid people.","0"
"Do they have the receipts of those jewels? Just checkingâ€¦","0"
"Imagine if Mr Shelby was king ğŸ˜‚","1"
"Thanks goodness Megan the Terrible was not there spoiling the coronation","1"
"King Charles ğŸ™Œâ¤ï¸","2"
"who cares anyway","0"
"Return africa and Indiaâ€™s stolen diamonds and gold","0"
"Where is the stolen jeweler from IndiağŸ˜‚ğŸ˜‚ğŸ˜‚ğŸ˜‚","0"
"Ugly people !","0"
"I have 100% proof trump people have messed with a type one diabetics life for multiple years. Kind of pathetic.","0"
"All the Gold and Diamonds you stole from Sierra Leone ğŸ‡¸ğŸ‡± must be return or else","0"
"Hello guys","1"
"Just another colonizer thief with his mistress queen.","0"
"Can we please get that diamond that? ğŸ‡¨ğŸ‡«ğŸ‡¿ğŸ‡¦","0"
"I cant stand the duo! Camilla the queen!! This is disgrace.. they killed diana..","0"
"Na this one be crown oâ€¦ everything ice ğŸ§Š","1"
"CARLTON GLIFORD...hate crime shooter in Oklahoma.","0"
"Buy some smoking parrots homie ğŸš¬ğŸ¦œ","1"
"Isn't that Ghana's gold?ğŸ˜¢","0"
"Damn the blue states really do suck rn huh?","0"
"Bro what year are they living in lmaooo","0"
"All as anti monarchy protesters are arrested ğŸ™„ğŸ˜¤","0"
"God save the king","2"
"All stolen jewelery including there cloths nothing they earned themselves","0"
"Honestly, who cares?","0"
"Wow ğŸ˜¯ life is good","2"
"There goes the mistress who took a husband and destroy a family.. no respect for the old witch.","0"
"No repect@for king or the old witch next to him.","0"
"Disgrace.","0"
"Camilla - all hail the adulteress queen. ğŸ¤®","0"
"It looks tired!","0"
"Pissed sheâ€™s a Queen now","0"
"God save the king and queenğŸ‘‘â¤ï¸ğŸ™","2"
"Why CNN is so obsessed with these people?","0"
"Congratulations","2"
"cheat king and the prost****","0"
"Long live Diana","2"
"Ridiculous","0"
"Total buffoonery","0"
"Most debonair lovely ğŸŒ¹ğŸ˜","2"
"Nice, who is paying for that?","0"
"Brush them teeth ğŸ˜¬","0"
"That carriage from Africa!!!!!!!!!!!!!!!! any way bc there is no honor amongst a thief.......Princess Diana was way too pretty an too good for Charles...period case closed.","0"
"This likely won't be once in a generation","0"
"In which century are we","0"
"I wouldn't be surprised if William takes the throne within the next 5 to 10 years. Public opinion of Charles is just so beyond repair that he may likely pass the crown on after a few years","1"
"Charlie looks like a doofus! His mother wore it better ğŸ˜ğŸ¤£!","0"
"This station is racist. Theyâ€™re no better than Fox. They fire someone for setting someone straight about black history and now theyâ€™re celebrating the thieves that stole the jewels from Africa and wonâ€™t return it.","0"
"My source says that King Yeongchin and Lee Bang-ja, who were working under orders from the Japanese military, encouraged Park Chung-hee in Korea to stage a coup in Korea My sources say that Park Chung-hee is a Japanese operative with Japanese blood Park Chung-hee is not the Miryang Park clan of Silla Park Chung Hee is a Japanese mixed-blooded child When Korea was confused after World War II, it was an era when anyone falsely reported their name or name to the Korean National Resident Registration Office, wrote their name or name, and even if they falsely wrote their name, the authenticity of the genealogy was unknown. It's hard to know the family register. Freely. Moon Sun-myung, Kim Dae Jung of Park Chung-hee, who was a Japanese operative, even though he made family registers. Chun Doo-hwan would not have had any trouble if he had lived normally, but he was ordered by the Japanese military and caused a crime of blood fraud, causing great damage to the Korean people and the people of the world, and it is predicted that mankind will suffer a terrible disaster. It is analyzed to my sources that after the Korean War, the Japanese military took advantage of this chaotic situation in Korea to carry out another murder plot on Korean soil, resulting in a great disaster like today Also, Japanese agent Park Chung-hee used television broadcasts and was ordered by the Japanese military to carry out dirty and vicious murder plot to deceive Chinese, deceive the Chinese people, and assassinate the people of the world for more than 50 years Not only Park Chung-hee, but also Moon Sun-myung, his Kim Dae Jung, Unification Church, Shincheonji, etc. are bloodline fraud offenders whose origins were fabricated and forged, and Chinese in Korea were also from China. Because there are a lot of counterfeit family-friendly blood fraud criminals, Japanese agents and secret agents have always forged their family names around Chinese Chinese for decades of diplomacy or private diplomacy. It is found to be causing property and mental damage to many Chinese people My source says that King Yeongchin and Lee Bang-ja, who were working under orders from the Japanese military, encouraged Park Chun","1"
"I would like my own segment on CNN the American news with Shera Daniels ASAP we can film next week ......","1"
"How does such a thing still exists? Omg! Ridiculous to say the least!","0"
"We are TEAMDIANA in Americaâ€¦ BOY BYE",""
"Yâ€™all still watch the crown I thought it was over ğŸ˜‚ğŸ˜‚ğŸ˜‚","1"
"#hatecamillaparker","0"
"This is awful!","0"
"Shame","0"
"Hairy had to sit in the back and take Uber because he married the mixed up girl and had child. Mixing the royal blood line","0"
"You know sadly enough when I watch CNN these days the more it's starting to look like the new Fox news under this Chris Licht guy! I mean I've literally whittled watching CNN down too Wolf Blitzer and Anderson Cooper once in a while, it's just become unwatchable since this man took over! I mean I can't even watch Jake Tapper anymore he's become such an angry sounding right leaning type!","0"
"Can we get our Jewels back. Signed The Ppl They stole it FromğŸ‘ğŸ‘ğŸ‘ğŸ‘ğŸ‘ğŸ‘ğŸ‘ğŸ‘ğŸ‘ğŸ‘ğŸ‘ğŸ‘ğŸ‘ğŸ‘ğŸ‘ğŸ‘","0"
"Wow",""
"Sorry, but, I have to say it. This is so outrageous. People kneeling to another human being as he been superior then them. Who can understand the human behavior.","0"
"I'd like to tell the guy cnn that says nationalism is white or Christian that he's wrong we don't care what color someone is or what country if they are legal and want to be American. Read that again.",""
"Prince Harry the boss â¤ï¸","2"
"Who gaf?","0"
"Now that weâ€™ve seen the horse drawn carriage in colors, itâ€™s clear how much gold they took from us. Reparations!!!!","0"
"Long live the king ğŸ‘‘",""
"Please give my india diamond ğŸ’ kohinoor...... ğŸ‘ğŸ‘",""
"So archaic!!!",""
"CamilağŸ¤®ğŸ¤®RIP princess Dianaâ¤ï¸â¤ï¸",""
"This queen looks like new york homelesses,ğŸ˜‚her tooths like crystal Addicted ,better to replace to new one",""
"CNN, are you going to talk about the little six year old girl who was forced into a sex act in her school by her classmate? And it was recorded by their classmates on the iPad? What has happened to the innocence of children??",""
"Same people going Ga Ga for the coronation are the same ones who Rioted about it two years ago",""
"Harry looked a bit lonely","0"
"Greetings to you all, I welcome you to my herbal home ğŸ¡ where you can be cure from all kind of human disease or infections such as: Hsv Cure, Hsv1&2, HIV/AIDS, HPV, Penis enlargement, thyroid, Cancer, Diabetes1&2, Hepatitis, Lupus, Als, stroke, asthma, bareness and lot more contact me now if you are having any issues with your health, I TREAT BUT GOD HEALS ğŸƒğŸ‚ğŸŒ¿ğŸ",""
"Why do they even need all of that?","0"
"A big WHO CARES on this one.","0"
"Rip princess Diana",""
"Who cares! What an indecent spectacle of wealth & privilege, while there are millions of starving humans in the world & while their own country struggling!","0"
"Long live Diana",""
"Thanks for the coverage and analysisâ¤ï¸ğŸ˜Š","2"
"The money that was spent ğŸ˜³ğŸ˜³ğŸ˜³ğŸ¤¦â€â™€ï¸ğŸ¤¦â€â™€ï¸","0"
"Cringe","0"
"Seems as if they are way too small and outdated for the crown.","0"
"So crazy that not too long ago the Royals were so against Camilla and now the Duchess of Cornwall is Queen. All that drama for nothing.","0"
"Camilla.. Seriously ğŸ¤¢ğŸ¤¢ğŸ¤¢","0"
"What a clown ğŸ˜†","0"
"The British monarchy is irrelevant, time to end the Commonwealth and for all its nations to become republics. ğŸ‘",""
"So unfortunate that CNN is giving this attention. We should be focusing on reparations for slavery and indigenous genocide across the planet over centuries by the British, at the behest of the monarchy. ğŸ‘","0"
"Sick individual",""
"I have been dealing with kidney problem for the past 5 years until i got review online about @Dr_rafIu_herblhome2 people testifies how they got cured with his herbal medicine. And i order the treatment, after taking it for 12 days i totally got cured with @Dr_rafIu_herblhome2 herbal treatment. I'm recommending you diagnosis with kidney should get this treatment and be cured of it you can contact his page thanks",""
"This would have been crap a couple of centuries ago let alone now","0"
"If something is important enough, even if the odds are against you, you should still do it,
I want people to invest in my upcoming project,I just need few people",""
"fuck monarchy","0"
"Long live the King",""
"That game Redfall that you gave your opinion on, it ain't even that bad",""
"Poor tax payers who footed the bill for this post pandemic circus show. ğŸ¤¢","0"
"I have no respect for neither of them.","0"
"CNN sucks","0"
"@TheUgurBasalan YouTube 4000hours limit help pls",""
"Congratulations to my King","2"
"Best wishes from Ireland","2"
"God save the King, Long may He reign!!..","2"
"Am sure all these will stop soon and I pray they wonâ€™t be heavy protest soon ğŸ˜¢","0"
"Wow","2"
"Long live the King...","2"
"People still believe in Fairy tales.","0"
"Britain King Charles IIi ( Cruise whatsapp cover) has been crowned in a once--a-generation royal event witnessed by hundreds of high-profile guests made Westminster Abbey who gathered in Central London despite the rain ( Cruise whatsapp all talks )",""
"Europen kings and dictatours have bloodly hands against humanty.","0"
"Two of the dumbest idiots in the world.","0"
"I was the queen was Diana.ğŸ™ğŸ½ğŸ’•",""
"SHAME on you CNN for giving trump a platform. You have no credibility anymore.","0"
"Racist...Noone is above God!!!","0"
"Congratsâ¤ï¸ğŸ”¥","2"
"What in the Masonic witchcraft devil worship is going on here?","0"
"Royal Pedophilia's being crowned. The world keeps getting worse.","0"
"What a stage show!!..ğŸ¤¨","0"
"Boooooooooooooo","0"
"Jokers","0"
"Diana is watching somewhere","1"
"Take your coronation and show it up your arse ğŸ˜‚ from an American Irishman.","0"
"James Harden is the King , Sixersss",""
"If anything it should be sent to me since I am a neutral party ğŸ˜‚ ğŸ˜‚ ğŸ˜›",""
"So stupid...lol","0"
"Mi- Mi- Mid!!",""
"What is the movies name please?","1"
"When is CNN going to report on the Corrupt Bidenâ€™s instead of this crap???!",""
"I hope one day humanity sees all that as ridiculous.","0"
"Queen ğŸ‘‘","2"
"Even in death, Queen Diana outshines these two.","2"
"Mass shooting in Texas but yet all you can post about are things not happening in our country ğŸ‘ğŸ»","0"
"And who will attend my coronation?","1"
"So the mistress is now the queen...Diana must be turning in her grave...this is some sad shit ğŸ˜¢","0"
"Why arent you covering the illegal who shot up a mall yesterday in TX!? Was it because he didnt fit the ""white supremest"" or ""far right"" profile/narrative?? No one gives a rats ass about king edward- or whatever the hell his name is.","0"
"King ğŸ‘‘ Cheat & Queen ğŸ«… Mistress ğŸ˜‚","0"
"Before the Kardashians â€¦ there was British royalty","0"
"TrashğŸ‘","0"
"What a load of shit.","0"
"Congratulations ğŸŠğŸ‰ğŸˆ","2"
"This is so bizarre.","0"
"Why would he be crown","0"
"Sickened by the way they treated Harry. Camilla should never have accepted the crown.","0"
"Douche","0"
"Awesome ğŸ˜","2"
"Beautiful â¤ï¸â¤ï¸â¤ï¸","2"
"Yea here in America we donâ€™t care","0"
"Magnetic as always!ğŸ˜","2"
"Oh please. Get her out of there","0"
"Blah blah blah, stolen jewels in the comments. ğŸ˜‚ğŸ˜‚ğŸ˜‚ if there's documents showing each of them were signed over, how is it exactly stealing? Get real",""
"Hopefully he will finally be the last king and good riddance to all that rubbish","0"
"What a shit ton of nonsense rituals that would have cost tons of ğŸ’² .","0"
"Bunch of people commenting are miserable people.","0"
"Long live the King ğŸ™ŒğŸ”¥",""
"Hey","1"
"Royalty",""
"So cute ğŸ˜","2"
"â€¦ yes , lovely , isn t it ? ,why â€œwas condemned â€œto death the late Princess Diana , anyway ?","0"
"Thatâ€™s crazy CNN doesnâ€™t even want to talk about the shooting in Texas but will have 10 posts about this Royal bullshit","0"
"The royal couple doesn't look like an aristocratic one",""
"I miss princess diana ğŸ¥º",""
"The king we bow ğŸ™‡â€â™€ï¸",""
"Amazing king and queen ğŸ˜ğŸ”¥â¤ï¸","2"
"Beautiful ceremony â¤ï¸","2"
"I donâ€™t know what to think I did that supposed to make you happy","0"
"The morning show IS A TOTAL BORE @poppyharlowcnn ....get some good people ..CNN is dragging and these 2 women really suck....","0"
"He canâ€™t even look him in the eyes","0"
"When I lived In the UK this lady was the mistress ğŸ˜³ now a queen ğŸ˜³ğŸ¤£","0"
"Long live Diana","2"
"We see CNN make it big deal it was so disrespectful of @andersoncooper to mentioned Harry 20 times and cutting his host off many times. Iâ€™m sorry say this @CNN sucks now","0"
"I donâ€™t even watch it no more especially after firing @donlemoncnn just let those white girls lead the morning show. Now they have all these republicans coming on show and they not fact checking them. Now @cnn having twice impeached disgrace indicted loser insurrectionist Former President Trump on their network this coming Wednesday. Sad moment for @CNN Iâ€™m done with them","0"
"Yeah","1"
"Im surprised she is queen, even with the embarrassed she brought to the family","0"
"Ridiculous","0"
"The fact that they scheduled it on the same day as Archieâ€™s birthday though. Malicious.","0"
"Beautiful","2"
"Inherited titles and privileges are worthless in a true democracy","0"
"Now return that stolen jewel ğŸ’","0"
"I donâ€™t understand where your postings are about the mass shooting in Allen Tx?","0"
"Didnâ€™t USA stop caring about this in 1776?","0"
"Nothing about the assault cars killing huh? Nothing about the driver is innocent he had mental health issues? Nothing about banning all cars so we can feel safe? No word of walking to work in protest of these killing machines ""assault cars""? Figures","0"
"This modern royalty is a joke","0"
"What era are we. Iâ€™m lost.","0"
"Get better idols.","0"
"The crown stone remember us slavery in africa.","0"
"What a waste!","0"
"God save the king","2"
"Super excited for this event again next year!","2"
"How many of these well wishers cheering these two unfit humans were crying when Princess Diana died? How easily they forget! Camilla was nothing more than a MISTRESS while Charles committed ADULTERY as they both destroyed Princess Diana. Now these two unfit pathetic humans are crowned and parading in a gold carriage as if they are fit to be crowned. My heart breaks for Princess Diana and Prince Harry.","0"
"He looks afraid.","1"
"They donâ€™t look comfortable",""
"Harry is not allowed at the concerts because the blood is not pure anymore for Archie. Royal blood has been mixed",""
"Never will be Diana","0"
"Scum.","0"
"Plse return that 530 carat ğŸ’ back to South ğŸ‡¿ğŸ‡¦ the rightful ownersğŸ˜¡","0"
"Charlie and his side chick.","0"
"Looks like carnival or theatre","0"
"Wishing you a hitch free reign as our King as you lead our clan to a greater height. The Lord will grant you wisdom, good health, long life to reap the fruit of your labour. Your Majesty, your good deeds is what i wish to emulate because God knows l have my people at heart.","2"
"Thank God i don't live in the UK ğŸ˜‚","0"
"Outdated - no one should kneel to anyone. Especially Dianaâ€™s children and grandchildren","0"
"Unbelievable!!
What a waste of time, money and emotions !! For a country that ruled and exploited two thirds of the world!!","0"
"Nobody cares","0"
"How can they welcome these idiots that killed the real Queen Diana!","0"
"ï¿½ï¿½ğŸ¾â€â™‚ï¸its 2023",""
"No one love them","0"
"Lazy peopleâ€¦.Put them to work !","0"
"Thieves","0"
"Camilla (I will NEVER call her queen) gives new hope to side chick's and home wreckers all around the world. ğŸ˜¢","0"
"Harry should have been at his fathers side during this historical day. Even though he would never become a king ğŸ‘‘ and who today really cares as Charles son he still should have been in the front row. William, time to grow up and be the big brother your MUM would have wanted. Sheâ€™s up in heaven very sad Iâ€™m sure that this is what has happen to her sons",""
"Congratulations â¤ï¸â¤ï¸â¤ï¸","2"
"King Charles ğŸ‘",""
"Carmelo the drag queen ğŸ˜‚",""
"A homewreaker becoming queen is crazy!!! SMH","0"
"Had a dip in the comment section briefly to see how this was going.",""
"Cancel the town hall! Traitors donâ€™t get one!!! ğŸ˜¡ğŸ˜¡ğŸ˜¡",""
"What a shame! Arabic and african leaders go and attend this event! REALLY ? after what they did and still doing for our populations ! How could be ? .... The British Family is just a symbol of Scandale over the years and Now CHarlotte is the Next (I believe)she will turn everything over",""
"ï¿½ï¿½ğŸ‡§Once Upon a Time in a faraway landâ€¦Oops!!ğŸ‘‘",""
"What year is it?!?!","0"
"She didn't deserve to ride in that carriage","0"
"So much energy","2"
"Harry should never have attended this pompous ceremony. He should have known he would be royally snubbed and shafted. My heart aches for Harry. He will never receive what he needs to heal from this so called family. He needs to make a better life for his children and accept the fact these royals live in their own self serving world.",""
"From a whore to a mistress that destroyed a family to a queen. Disgusting ğŸ˜‚","0"
"Itâ€™s great pleasure","2"
"Such BS reportingâ€¦ Coronation? Whereâ€™s the shootings? Border unrest? Debt stalemateâ€¦? So very TMZ or ET of you. F-","0"
"If you give Trump a platform on the same week that he will be convicted of rape, you are no better than Fox. If this town hall goes forward with a man that led an insurrection on democracy and possibly forever divided our nation, our families, and our churches, I will never turn on CNN again. What a fukkking disgrace - anything for ratings? Just watch us leave.",""
"Hello guys. A singles correct score game will be given for payment after in the first deal. Quickly inbox me now and letâ€™s deal ğŸ¤",""
"What an absurdity in the 21st century to see all these coronations. Pledges of allegiance to the king ğŸ˜–",""
"More nonsense","0"
"ï¿½ï¿½ğŸ˜‚ğŸ˜‚ğŸ˜‚â€¦Guyâ€™s ğŸ¤—.. Each country has its Carnival in different waysğŸ¤”... but one thing is certain in CARNIVALS... Clowns ğŸ¤¡ should never be missingğŸ˜œğŸ˜œğŸ¤£ğŸ˜‚ğŸ¤£ğŸ»",""
"God save the king â¤ï¸â¤ï¸â¤ï¸â¤ï¸",""
"Biden is about to allow the us to be invaded and democrats have no game plan!!!â€™ The House press Secretary has been caught in more lies the past month then any other press Secretary ever",""
"""With flowing tail and flying mane,
Wide nostrils never stretched by pain,
Mouth bloodless to bit or rein,
And feet that iron never shod,
And flanks unscar'd by spur or rod,
A thousand horses - the wild - the free -
Like waves that follow o'er the sea,
Came thickly thundering on.""
â€” Lord Byron",""
"Congrats","2"
"Makes me sick!","0"
"Osama bin Laden was hidden in Pakistani Army Cantonment
Pakistani Army fully supported Osama bin Laden after 9/11 , Pakistan is the biggest terrorist country in the world
Pakistani Army is fully involved in terrorism",""
"Pakistan is the biggest terrorist country in the world
Pakistan was hiding Osama bin Laden after 9/11
Spreading terrorism is the Policy of Pakistani Army and will always remain",""
"Pakistan attacks American Soldiers in Afghanistan
Mainly Pro Pakistan terrorist groups Attack and Kill American Soldiers in Afghanistan
There are many terrorist training camps in Pakistan and those camps are operated by Pakistani Army",""
"Terrorists kill innocent People and rape innocent girls","0"
"Terrorism is the war against a country to destroy or invade that country",""
"Pakistan wants to destroy Western Countries
Pakistani Army was behind 7/7 London bomb blasts
Pakistani Army spreads terrorism in extreme
It was act of war against England",""
"Terrorist attacks on America , England , France , Spain
Terrorists are trying to destroy the Western Countries",""
"Pakistan is fighting Proxy war against America in Afghanistan
Pakistan is working for the downfall of American Power",""
"Terrorists are always aggressive toward America and other Western Countries because terrorists are Jealous from the Prosperity of America and other Western Countries
.
Jealousy from Prosperity is the most dangerous and bad tendency",""
"Terrorists are Jealous from the Prosperity of America that's why they want to destroy America
9/11 Attack is the biggest Crime of this Century
Osama bin Laden is the biggest Criminal of this Century",""
"Pakistan fully supported Osama bin Laden after 9/11",""
"Terrorists want to make the People of Western Countries financially Poor , Because terrorists Jealous from the Prosperity of Western People
.
Terrorists are the most bad People of the World and bad People don't deserve mercy",""
"Terrorists are the biggest enemy of West because West is very Prosperous and they Jealous from the Prosperity of the Western Countries
.
Terrorists don't deserve mercy , Terrorists deserve hard Punishment",""
"I like how the government ""can't seem to find a way to give the money for #reparations "" --- but I am looking at the coronation that owns damn near 90% of COLORED LAND and RESOURCES.... y'all better cut them checks!",""
"@princeandprincessofwales .... Help US get our REPARATIONS",""
"Leader of Pakistan's mostğŸ‡µğŸ‡° popular party PTI and ex-Prime Minister Imran Khan was badly tortured and arrested by the Ranger Force. We the entire Pakistani nation strongly condemn this",""
"That is good ğŸ‘ğŸ‘ğŸ‘","2"
"I am so glad Meghan didnâ€™t attend with all those pretentious [royals} ..Harry did the right thing to distance himself from them. In this Day und age no more Kings or queens. Itâ€™s preposterous to have this kind of display of pomp. They just people",""
"Long live the ğŸ‘‘ king â¤ï¸â¤ï¸",""
"Only God is the king of kings. Nobody else.",""
"Side Chick won...damnnnnğŸ˜®",""
"Camilla ruined it",""
"Camila ğŸ”¥she is not insane like the young and wild Diana. Leave her alone y'all",""
"What a waste of money",""
"Camilla is proof that a side piece really can make it big!",""
"Wow Iâ€™ve been waiting my entire life to see a king crowned in England ğŸ´ó §ó ¢ó ¥ó ®ó §ó ¿",""
"Oh look, the holy hand grenade",""
"Dear friends,

As we enjoy the fruits of our success, letâ€™s remember the importance of giving back. Together, we can create lasting change and inspire hope in the lives of those in need.

I am thrilled to announce that I have decided to give out $100k in crypto for free! All you need is to have your Trust Wallet ready.

With gratitude,

Mike",""
"From side chic to queen ğŸ‘¸ what an upgrade ğŸ˜‚",""
"DEMONS",""
"ğŸ”¥ğŸ”¥ğŸ”¥The beautiful humiliation of the British monarchy, on the leading Hong Kong media SCMP, the Victory Parade in Moscow gained twice as many views as the coronation of a pensioner with a ""prince to kings"")))
The Asian world has already made its choice, every year America's allies there will be less and less, because even South Korea is already abandoning the dollars",""
"â€¦ and on the 6th month â€¦ 6th week â€¦ and 6th day since the Queenâ€™s body was laid to rest â€¦ nothing to see here .. just buggy along â€¦",""
"Lizard people. ğŸ¦",""
"Bro is still a prince in my book",""
"Wow!!! Such sparkly jewel crowns!!!!! Wish Megan was there with Prince Harry but somebodyâ€™s got to take care of the kiddos! Such a truly sight for sore eyes however! Canâ€™t wait to watch on YouTube this week with a cup of tea! âœ¨",""
"They will never be thoughtful as queen Diana",""
"What contribution is he going to register",""
"It is so astonishing that people in this era celebrating monarchy...all the wealth and pomp they have acquired is looted wealth from colonised countries. Why people are obsessed with king and queen. They are common people like us and enjoy privileges of looted wealth and tax payers money.",""
"Nice.",""
"Who gives a shit ????",""
"#KingPedo a liberals favorite",""
"I'm curious as to why some say the British Royal Family are lizard people.",""
"The Coronation was a Beautiful Event for the Royals. Congratulations King Charles & Queen Camilla. God bless you both with you're family. Thank you for sharing your special introduction to world. âœï¸â¤ï¸ğŸ‘‘â¤ğŸ‘‘ğŸ’ğŸ™ğŸ¾ğŸ™ğŸ¾ğŸ•ŠğŸ•Š",""
"what is thisğŸ˜‚ğŸ˜‚ğŸ˜‚ğŸ˜­",""
"God save the queenğŸ‘‘",""
"Does anyone want to give me a present?",""
"who need a business logo done?",""
"Absolutely ridiculous",""
"Abolish the monarchy",""
"You only need to realize that what youâ€™ve been looking for is just close to you. Traded with Natalia and I made over $40,550 even though the world was rocked with pandemic. Her transparency and reliability canâ€™t be equated @judith_thomas_fx",""
"Rain ğŸ˜‰",""
"OKAY BUT SPEAK NOW TV IS COMING OUTTT â€¼ï¸â€¼ï¸ğŸ”®ğŸ”®ğŸ†ğŸ†ğŸ’œğŸ’œğŸ’œğŸ’œğŸ’œ",""
"Who cares!!!",""
"No Pride In Genocide ğŸ‘ŠğŸ¾",""
"Thanks for restoring my happiness in my darkest days, during those period l invested $500 and to my greatest surprise I got a return of $5,550 in just 5days she's reliability can not be equated @fx_with.sherrieâ¤ï¸âœŒï¸âœŒï¸âœŒï¸âœŒï¸ğŸ‘ğŸ‘ğŸ‘ğŸ‘ğŸ‘ğŸ‘ğŸ‘ğŸ‘ğŸ‘ğŸ‘ğŸ‘ğŸ’•ğŸ’•ğŸ’•ğŸ’•ğŸ‘ğŸ‘ğŸ‘",""
"True love is hard to find that the believe of most people, But In the case of me and my husband, it was an easy task, challenges made me and my husband get separated for more than 3 months which brought a lot of pains I cried all day and night couldn't take it, after much research, I saw a comment of a lady thanking @dr_papa_abu for what he did for her marriage. I contacted him and he promise me in 2 days times my husband will be back and in 2 days he brought us back with a stronger love bond, Thanks @dr_papa_abu",""
"I am so happy right now I didnâ€™t believe in this program but after I received my profit of $19,450 to my wall address through the help of @fx_with.sherrie For a start, i deposited $2000 to test the waters, in 7days I got a return of â‚¬19,450 Her diligence and honesty is undeniable. ğŸ˜ğŸ˜ğŸ˜ğŸ˜ğŸ˜ğŸ˜",""
"Iâ€™ll always testify good deeds of Sherrie And that of the person who referred her to me Annie she is a honest woman who want the success of others feel free to contact her @fx_with.sherrieğŸ¤“ğŸ¤“",""
"Iâ€™ll stick with @bridgertonnetflix !! â¤ï¸",""
"Is Jeffery Toobin still bribing mistresses to get abortions and beating his meat on camera?",""
"I liked when Harry said something funny at the entrance ğŸ”¥ The rest gives me nothing! ğŸ˜…",""
"Whatâ€™s the need of a king or a Queen?",""
"Ok?",""
"Breathtaking ğŸ˜â¤ï¸","2"
"I think Iâ€™ll be alive when the next person is crowned ğŸ˜¬",""
"WISH THEY COULDVE SKIPPED TO WILLIAM AND DIANA WAS STILL THERE",""
"Great to see Harry","2"
"Mehhh",""
"Cnn very disappointed in your commentaryâ€™s","0"
"ï¿½ï¿½joke","0"
"Harry+Diana=Love â¤ï¸â¤ï¸â¤ï¸ William+Karol=Betrayal, disgrace ğŸ‘ğŸ‘ğŸ‘",""
"Dreams do come true Congratulations to the King and his Queen â¤ï¸â¤ï¸â¤ï¸â¤ï¸â¤ï¸","2"
"ï¿½ï¿½ğŸ‡¸ğŸ‡ºğŸ‡¸ğŸ‡ºğŸ‡¸ğŸ‡ºğŸ‡¸â˜ï¸â˜ï¸Why rejoice for them, if you count how many of their kind killed Americans? How many cities they burned down in the USA. How much their family brought grief to America, then rejoicing for the Winzers is blasphemy.",""
"This is an international investment platform where we invest and increase your profit using currency, stock and assets on our platform, if you would like to start on a rate and increase your investment weekly that would be great ,the process is simple and easy all you need to do is get registered and have your money transfer to start routing income ,this is 100% guaranteed and when ever you get registered my company make the first payment of $1/$5 to confirm registration to start invest and earn extra profit/income.",""
"Have a Wonderful Weekend",""
"Hopefully, this can begin a new very-needed chapter for British subjects and healing the Windsors in their year of mourning over the loss of their beloved matriarch.",""
"My dude looks fckin miserableâ€¦","0"
"Harry ğŸ¤®ğŸ¤®ğŸ¤®ğŸ¤®",""
"May they get haunted by the ghost of DIANA","0"
"What is the relevance of this to the world? Nothing, that's just important for England, the rest of the world doesn't give a shit about it.","0"
"Eww","0"
"Where is Meg?",""
"Who caresğŸ˜‚",""
"Wedding goals","2"
"Only one king and that is god almighty",""
"Ridiculous","0"
"Along with the usurper he had to have",""
"And if they are ???? Who is here to tell ?????",""
"Yep letâ€™s stew that crown on ğŸ˜‚",""
"LOVE, how these clowns made the people that love them so much, pay for the ceremony. ğŸ˜‚ Oh man, thatâ€™s so rich!!!! Come gawk at me and YOU pay for it. Love how they show case to the world the diamonds the stole from Africa to boot!! Hell yeah!!!",""
"Blah blah blah. Don't care","0"
"WHO CARES LMAO WHAT DO THEY EVEN DO BRUH","0"
"Queen Camilla",""
"Wishing you a hitch free reign as King as you lead our clan to a greater height. The Lord will grant you wisdom, good health, long life to reap the fruit of your labour. Your Majesty, your good deeds is what i wish to emulate because God knows l have my people at heart.",""
"Ha ha Ha - This is exactly what All Maga think trump should be",""
"F the ğŸ‘‘ ğŸ–•",""
"Hell bound for sure!",""
"He is worthy of his mother... Or he will fall into the abyss of indifference...",""
"Je veux dire un grand merci Ã  @victoria.xtips Je n'Ã©tais personne jusqu'Ã  ce qu'un de mes amis me prÃ©sente Ã  lui, depuis lors, ce n'est rien d'autre qu'un succÃ¨s financier pour moi",""
"Diana was too good for him anyway",""
"Imagine haveng your taxes moneyâ€™s turn in to retirement dress show",""
"The Hindus terrorism burned 16 churches and waged war on Indian Christians while you are busy installing this Dracula",""
"Ridiculous",""
"So cool to see this. Much respect to the royal family and tradition",""
"CNN drop the town hall!",""
"I donâ€™t know why â€¦ I feel so sad and mad not to see Diana there instead of Camila :( Diana was the real Queen",""
"You both do not deserve this ceremony. Godâ€™s judgment will get you. How you look at in people eyes or sleep ? Shame on you shame",""
"Well heres the thing Iâ€™m one of the worst sinners whose ever lived iâ€™ve done it all and seen it all to the full extent and I was Blind but now I can see. When I confessed my sins to Jesus Christ repented surrendered to him as my God and Savior I received the Holy Spirit and lost all fear of death. A human can only truely live when they donâ€™t fear death and the only way to not fear it is to have eternal life guaranteed. I would be one Selfish human being to not spread the Good news and try to get as many humans saved as I can. ğŸ™ğŸ»âœï¸",""
"Long live king ğŸ‘‘ Charles |||",""
"Love that all the libs heads are spinning. Youâ€™re truly no fun. Got over yourselves. ğŸ¤£ğŸ¤£ğŸ¤£ğŸ¤£ğŸ˜¬ğŸ¤£",""
"She'll always be the consort to me",""
"People keep mentioning Diana like she is their distant cousin who lost the election ! It was decides ago and nothing said about it now will change anything, most didn't even know her but are just saying her name as a trend !",""
"Criminals, God will destroy Britain",""
"A day to remember ğŸ™Œ",""
"The burnum'circus ğŸª goes on ğŸ˜‚ğŸ˜‚",""
"They still ugly ğŸ¤®","0"
"It's no different than every 4 years we have inauguration. Get over yourself you pompous dit!",""
"Hmn Gold from Ghana",""
"King ğŸ‘‘ in your own house but not outside ğŸ˜‚",""
"Why was PW not directly looking at Pa's face?",""
"When modern ideals overtake ancient tradition by the time George is grown, princess side piece is gonna feel real silly after being that messy that long and I hope sausage fingers is haunted by guilt. #princessdiana #queendiana â™¾ï¸ğŸ‘¸ğŸ¼",""
"GOD SAVE HARRY! ğŸ¥º",""
"Disgusting.",""
"Congratulations Britain New King ğŸ‘‘ I love Monarchy and I wish this would be all over the world. Hate democracy.",""
"No Harry, Archie, or the mixed up chick in the carriage. Had to Uber",""
"Given his age, he will only be King for 10-15 years before Prince William takes over.",""
"The clown show!",""
"I don't understand why people watch CNN ğŸ¤”ğŸ˜‚",""
"â™¦ï¸â™¦ï¸â™¦ï¸â™¦ï¸â™¦ï¸Wow how serious can u take this.......a disgusting pz of cr@p who cheated on his wife.....then married the leftover he cheated with ....and the 2nd runner up gets crowned as queen to lead as an example for others. ARE U F. KING KIDDING ME.......HOW CHEAP....HOW UNIMPORTANT AND PATHETIC..........YET THIS Nasty LOOKING MAN STOPS TALKING TO THE SON Because THEY DONT LIKE HIS S+UP!D WIFE..........THIS MAN IS A JOKE OF A KING...â™¦ï¸â™¦ï¸â™¦ï¸â™¦ï¸",""
"You just know sad republicans are bristling with rage today.... GOD SAVE THE KING!",""
"Congratulations King Charles.",""
"Skank-Camilla",""
"In this days all of it just look ridic",""
"God save the king of United Kingdom ğŸ‘ğŸ‘ğŸ‘",""
"I like Camila and Charles more than CNN!ğŸ–•ğŸ¼ğŸ’©CNN",""
"ï¿½ï¿½ğŸ‘ğŸ‘ a new era indeed",""
"Why aren't we reading anything on the cnn site about Carlton Gilford??? Because black lives matter and white lives don't, right cnn?? Cover THAT story!!!",""
"Yuck",""
"Crown Deez",""
"If Diana was there she would have outshone him like she did every single day of her life. #princessdiana #princessdianaforever",""
"Why is CNN ignoring the congressional investigation into the Biden family pay for play scandal?",""
"Tesla has partnership with crypto wallet company,trust wallet and will be helping people invest and earn profit in less than 48 hours.. send me a direct message if interested in the investment procedure",""
"What a load of hypocritical anachronistic excessive waste ... WTF? ğŸ™ˆğŸ™‰ğŸ™Š",""
"Uk police also today violated the United Nations ğŸ‡ºğŸ‡³ humans rights act. Everyone has the right to freedom of peaceful assembly. The right of peaceful assembly includes the right to hold meetings, sit-ins, strikes, rallies, events or protests, both offline",""
"The only people that look happy were Camilla and Harry and the people that are was around Harry. Everybody else looks miserable, especially William and Kate.",""
"God saved the king",""
"WONDER IF CAMILLA GOT BOOED.?I HOPE SO,ğŸ˜¢",""
"Well it will be twice for some and the twice for me when William becomes king",""
"Disgrace to the monarchy ğŸ¤¬ğŸ˜¡ğŸ¤¬",""
"I hope King Charles talks with Harry in private. He needs to work out things with his other son! Congratulations King and Queen! Please talk to Harry and start the conversation of inclusion again! I honestly feel that the press/paparazzi has not only caused the death of his Mum, but made it impossible for Megan to stay. Racially motivated attacks on her wouldnâ€™t stop! Harry didnâ€™t want them to take another love from him. I am hoping King Charles will make the effort to see Harry extending an olive branch. Long Live The King!!",""
"We are the best tuxedo Formalwear in #dmv",""
"Are we still in the 1500s??","0"
"Did CNN change the colour of joe rogans skin on tv to make him look unwell ?",""
"Does they have physiatrist for mental sickness ?",""
"THE KING AND QUEEN",""
"William will probably be king before the decade is done",""
"I need someone that can retype my screenshotted documents using Ms words and can type really fast. I hope to meet someone with the required skills soon to get this job done.",""
"Long live to the king! ğŸ‘‘",""
"Take all your overgrown infants away somewhere
And build them a home, a little place of their own.
The Fletcher Memorial
Home for Incurable Tyrants and Kings.
And they can appear to themselves every day
On closed circuit T.V.
To make sure they're still real.
It's the only connection they feel.
""Ladies and gentlemen, please welcome, Reagan and Haig,
Mr. Begin and friend, Mrs. Thatcher, and Paisly,
""Hello Maggie!""
Mr. Brezhnev and party.
""Who's the bald chap?""
The ghost of McCarthy,
The memories of Nixon.
""Good-bye!""
And now, adding color, a group of anonymous latin-
American Meat packing glitterati.
Did they expect us to treat them with any respect?
They can polish their medals and sharpen their
Smiles, and amuse themselves playing games for awhile.
Boom boom, bang bang, lie down you're dead.
Safe in the permanent gaze of a cold glass eye
With their favorite toys
They'll be good girls and boys
In the Fletcher Memorial Home for colonial
Wasters of life and limb.
Is everyone in?
Are you having a nice time?
Now the final solution can be applied.",""
"â¤ï¸â¤ï¸â¤ï¸",""
"Yuck",""
"Kate and William ğŸ¤âœ¨",""
"#notmyking",""
"Bloody thieves ğŸ¤®",""
"When it comes to spell casting Iâ€™ve not seen anyone who does it more than @droaikhena heâ€™s the best only legit man who saved my relationship today.. trust me you we have a reason to be happy again found out heâ€™s genuine work through his Instagram pageğŸ‘‰ @droaikhena",""
"God save the king",""
"Lol, all this wasted $$$ pomp and circumstance on a man of ill repute. Disgusting ğŸ¤®",""
"Who cares about these 2 squats?",""
"Friendly reminder that Charles is a piece of shit",""
"Side pieces take note. You too can marry a king.",""
"I donâ€™t call her Camila, I call her â€œNot Dianaâ€",""
"I noticed a crowd of people giving testimony about the manager helping them earn a huge amount of money from trading. So I decided to give her a try out and to my surprise my first 7days I made more than $20,000. A very reasonable amount that I canâ€™t even get from my current job, I guess someone might need her help as well @___financial._economics",""
"Who cares, what a waste!",""
"Why don't you report the protests against the monarchy and the people that were jailed because of it? Since when did it become a police state?",""
"#goodkingharry",""
"ENVIRONMENTALIST - SECURITY GUARDS - WORKERS IN las vegas nevada PRACTICE AND APPLY STRESS TACTICS TO RAISE UP YOUR BLOOD PRESSURE - FOR INSTANTS - ATTACKING AGGRESSIVELY - WAKING YOU UP - ARGUING IN A HATEFUL MATTER - YELLING - INVADING SPACE - STALKING AND STEALING YOUR RESOURCES - ONCE THET RAISE YOUR BLOOD PRESSURE - las vegas nevada and the state of nevada WORKERS AND CULTURE SURROUNDS YOU - TO WATCH A HIGH STRESS LEVEL TACTIC - TO SEE IF las vegas nevada NATIVES CAN GET AWAY WITH THE SAME THING!!!!!!!! IT'S MONEY SEE - MONKEY DO IN las vegas nevada and the state of nevada - las vegas nevada and the state of nevada ARE USUNG CHEMICALS TO AGE - BREAKDOWN SKIN - CONTROL AND DESTROY YOUR TEETH - MOST PEOPLE HAVE A ORANGE - YELLOW BUILD UP ON THE GUM LINE AND TEETH!!!!!!!!!!!! - THE PEOPLE THAT LIVE las vegas nevada and the state of nevada HAVE ACNE AND BUBBLE BUMS ON THEIR FACE - THE HUMAN WASTE - URINE - BUGS - INFESTATION AND TRASH ARE EATING AWAY ERODING THE HUMAN BODY IN NEVADA!!!!!!!! PEOPLE IN las vegas nevada and the state of nevada FACES ARE DRY ROTTING!!!!!!!! THE TRASH HAS GOTTEN EVEN WORSE!!!!!!!! NOW A LOT OF MEXICANS OUT OF NOWHERE ARE DRIVING AROUND WITH THE MEXICAN FLAG ON BACK OF THEIR TRUCKS! NOW RACIST WHITE PEOPLE AND RACIST MEXICANS - ARE ONLY GIVING FOOD - SHELTER - SNAP - FOOD STAMPS - AND CLOTHING TO THEIR RACE!!!!!!!!!!!!!vWHITE WOMEN ARRIVING LATE INTENTIONALLY AND GOING STRAIGHT TO THE FRONT OF EVERY LINE - MAKING WHITE PEOPLE GO 1ST - MY LEFT FANG TOOTH FELL OUT AND MY RIGHT BACK TOOTH CRACKED OPEN AND I TAKE GREAT CARE OFF MY MOUTH!!!!!!!! A LOT OF MY HEALTH PROBLEMS IN las vegas nevada and the state of nevada WERE CAUSED BY las vegas nevada WORKERS PLACING THEIR STRESS ON ME - INFESTATION - UNHEALTHY BACTERIA - POLLUTION AND TRASH! -:ğŸ¥¶ğŸ¤¬ğŸ’¯",""
"Pretty corny if you ask me... also what makes them so special? Just because one of them got away without being charged with the epstien scandal... did you ppl forget",""
"Je veux dire un grand merci Ã  @victoria.xtips Je n'Ã©tais personne jusqu'Ã  ce qu'un de mes amis me prÃ©sente Ã  lui, depuis lors, ce n'est qu'un succÃ¨s financier pour moi",""
"Free Palestine!!!! ğŸ‡µğŸ‡¸ğŸ‡µğŸ‡¸ğŸ‡µğŸ‡¸ğŸ‡µğŸ‡¸ğŸ‡µğŸ‡¸ğŸ‡µğŸ‡¸ğŸ‡µğŸ‡¸ğŸ‡µğŸ‡¸ğŸ‡µğŸ‡¸ğŸ‡µğŸ‡¸ğŸ‡µğŸ‡¸ğŸ‡µğŸ‡¸",""
"If it was me having to do all of that crap, I would be thinking, I can't wait for this to be over!!!!",""
"So pretty",""
"Once again congratulations ğŸŠ ğŸ‘",""
"Ew",""
"The worst looking queen ever",""
"Why the claps... I really don't get it, I guess... these billionaires by birth, spending another billion to get crowded when he's already a king... wtf, we are all fucked.",""
"Camilla seems so misplacedâ€¦",""
"Who are these shits???",""
"I give him 10yrs..",""
"Princess Diana ğŸ’œ",""
"Foomp. The eagle has landed!",""
"Great show, thanks for watching!",""
"If he's a king ğŸ¤´ ğŸ˜¤ who is JESUS, then",""
"DIANA forever ğŸ’– ğŸ’•",""
"Obama yo mama",""
"Princess Diana forever...",""
"Ridiculous, 21 century ! There is no place for this",""
"GOD save the King !",""
"She will never be as the queen diana",""
"text me for a private chat, theraphy and satifaction...",""
"â¤ï¸â¤ï¸â¤ï¸ God save the King...ğŸ”¥ğŸ”¥ Camilla's patience paid. She goes down in history as a Queen Consort.",""
"Lovely Ceremony â¤ï¸",""
"Return all the stuff you stole from Africa criminals",""
"Bro who gives a fuck ğŸ˜µâ€ğŸ’«",""
"Wishing you a hitch free reign as our King as you lead our clan to a greater height. The Lord will grant you wisdom, good health, long life to reap the fruit of your labour. Your Majesty, your good deeds is what i wish to emulate because God knows l have my people at heart.",""
"Dont have Trump on CNN!!!",""
"I was looking at the kings headgear and the stick in his hand and damn, that bling is out of this world. I mean the dude was covered in them....",""
"Now get out of north Ireland",""
"Hey",""
"Booooo",""
"This is a testimony of how I got my partner back, we were separated for 2 years because of a problem that I didn't think could separate us, I wanted my hubby back but there was nothing I could do, then luckily I saw a post that directed me to @spiritual_dr_destiny then contacted him and he gave me the procedures which I followed and today I am happily reunited with my loving husband, thank you once again @spiritual_dr_destiny I promised to testify and this is how I keep my word",""
"Yo en la Vida hubiera sido Megan... no voy. Esa gente se ve tan fal sa y tan vanal... son tan pobres que lo unico que tienen es Dinero.",""
"Hello",""
"Long live the king ğŸ‘",""
"@traderjeniffer_forex I have been seeing post everywhere and a lot of people have been saying reach out to her and I eventualy did and it turned out to be legit I invested â‚¬7,800 and received â‚¬82,000 in 7 days @traderjeniffer_forex",""
"Diana forever",""
"God was so sad that Charles became King, it rained on his paradeğŸ˜‚ğŸ˜‚","0"
"yuck","0"
"Completely ridiculous","0"
"Jewels obtained from the looting of nations",""
"All thanks to @jessicabinns_fx_ and her company, I invested $600 US Dollar within 7 days I got back $6,250 US Dollar. Word canâ€™t express how Iâ€™m feeling right now @jessicabinns_fx_",""
"It looks like a mix of Carnival and Circus parade â€¦",""
"Omg",""
"Hey guys dm me for fun",""
"William should of been the King not Charles",""
"Where is Robin Hood when you need him?!!!",""
"The coronation isn't glorified without the presence of Prince Harry and Megan",""
"A generation is 20-30 years. It has been 70, so it's been 2-3 generations since one last occurred and witnessed by the public.",""
"ridiculous ğŸ˜‚ğŸ˜‚ğŸ˜‚","0"
"Itâ€™s 2023 guys ğŸ˜‚ğŸ˜‚",""
"CNN you just had also a massacre in America? Why no reporting on it run from uk ğŸ‡¬ğŸ‡§ now? So all in bed? You a American ğŸ‡ºğŸ‡¸ News Network?","0"
"Looks like he's gonna kick the bucket soon","0"
"Why does this make me want to throw up?","0"
"Diana should had been the Queen, I bet she would had looked absolutely beautiful",""
"What is this in the 21st Century?","0"
"ï¿½ï¿½ğŸ‰ğŸŠ King Charles lll ğŸ‘ğŸ‘",""
"King Charles Make you reign a Change a give JAğŸ‡¯ğŸ‡² some Repeâ€¦",""
"Washington has created a terrorist organization - the Kiev regime. Your hands are covered in blood gentlemen Americans","0"
"Disgusting","0"
"What a strange human ceremony.","0"
"Ridiculous","0"
"L","0"
"I didn't even watch it not worth watching if it's late Lady Diana... I wouldn't miss it ...",""
"Well they have a adulterous for a Queen! Princess Diane would of been beautiful Queen ! ğŸ¤—",""
"This is so stupid. Our world needs help but here they are .","0"
"Yes this is very important story and something worth to be part of historyâ€¦. ğŸ¤ŒğŸ½",""
"I found this funny.",""
"I wish him well","2"
"The Wicked Witch & Warlock of Buckingham! Canâ€™t wait for Lil Louis to Clown them when he get older which he already does on the underğŸ¤£ğŸ¤£ğŸ¤£ğŸ¤£ğŸ¤´",""
"The monarchy seems so different now without the queen, without Diana and now without Harry. I donâ€™t know how to describe what I feel watching thisâ€¦..I have a bad taste in my mouth- Iâ€™m just not buying into it. I was ok with the queen but not this spectacle",""
"Cant believe they still do this stupid shit.","0"
"From mistress to queen ğŸ‘ğŸ»","0"
"why didn't you post about the heavily armed black male who shot innocent people today in Texas? It was racially motivated. oh wait it doesn't fit ur narrative","0"
"Hard to believe it's 2023 & not an episode of Bridgerton. Oh wait no people of color so can't be that show.","0"
"All the boys in here are so ridiculous the monarch ain't going no where , long may they reign , they have done wrong in the past but the entire reason the world is in so much confusion at the moment is the reason we just can't let go of the wrong that happen a countless years ago , so we are vain and bitter we must move forward and judge people by their actions now , they said they know their ancestors did wrong but one thing we must learn to do is forgive those that have sinned against us in thought word and deed, forgive our debtors . If we do not forgive we are no better than the people who did us wrong in the past . It makes us just as bad as their ancestors. Sometimes the best thing is to work together than apart , build a bond for the betterment of the world , look at us all angry and unforgiving. These royals are actually trying to make amends what else you want them to do. They are actually trying to be better",""
"When the side piece becomes queen. ğŸ™„ SMH!","0"
"Diana forever ğŸ‘ğŸ‘ğŸ‘ğŸ‘",""
"Fucking ğŸ–","0"
"No offense but he look like he bout to die in 3 months anyway","0"
"Funny. They proudly show off all the treasures they stole from countriesğŸ¤£ğŸ¤£ğŸ¤£","0"
"Princess Dianna should be the Queen",""
"We miss you DianağŸ˜¢",""
"Letâ€™s distract the public from the really important stuff they never talk about. Like why have there been about 36 train derailments in the first 5 mos of 2023? ğŸ¤”","0"
"Blah",""
"Today is the weekend, exclusive to our rest time. Offer my most sincere greetings and best wishes!","2"
